{"cameraMode":{"drawMode":0,"name":"Shaded","section":"Shading Mode"},"sceneLighting":false,"audioPlay":false,"sceneViewState":{"showFog":true,"showMaterialUpdate":false,"showSkybox":true,"showFlares":true,"showImageEffects":true,"showParticleSystems":true},"in2DMode":false,"pivot":{"x":786.77197265625,"y":451.608642578125,"z":-20.84375},"rotation":{"x":0.00749910669401288,"y":-0.003897878574207425,"z":0.00002761038012977224,"w":0.9999701976776123},"size":914.68017578125,"orthographic":false}