{"cameraMode":{"drawMode":0,"name":"Shaded","section":"Shading Mode"},"sceneLighting":false,"audioPlay":false,"sceneViewState":{"showFog":true,"showMaterialUpdate":false,"showSkybox":true,"showFlares":true,"showImageEffects":true,"showParticleSystems":true},"in2DMode":false,"pivot":{"x":3.3999645709991457,"y":-0.10540616512298584,"z":-2.0940372943878176},"rotation":{"x":0.08994194120168686,"y":-0.9087902903556824,"z":0.2618183493614197,"w":0.31219446659088137},"size":4.5531816482543949,"orthographic":false}