{"cameraMode":{"drawMode":0,"name":"Shaded","section":"Shading Mode"},"sceneLighting":false,"audioPlay":false,"sceneViewState":{"showFog":true,"showMaterialUpdate":false,"showSkybox":true,"showFlares":true,"showImageEffects":true,"showParticleSystems":true},"in2DMode":false,"pivot":{"x":786.77197265625,"y":451.608642578125,"z":-20.84375},"rotation":{"x":0.0059991031885147099,"y":-0.005397861357778311,"z":0.000030639908800367266,"w":0.999973475933075},"size":914.68017578125,"orthographic":false}